Data,Ato,Cargo,Quantidade,Símbolo,Origem,Destino,Nova Denominação
2026-01-08,Transferência,Gestor Contábil,1 (um),DAS-5,Secretaria de Recursos Hídricos e de Saneamento,Secretaria da Casa Civil,Gestor de Apoio às Relações Institucionais
2026-01-08,Transferência,Superintendente de Patrimônio do Hospital Regional do Agreste,1 (um),DAS-3,Secretaria de Saúde,Secretaria da Casa Civil,Assessor Especial de Coordenação Estratégica
2026-01-08,Transferência,Chefe do Núcleo de Laboratório de Informática da Escola de Referência em Ensino Médio,39 (trinta e nove),CAA-4,Secretaria de Educação,Secretaria da Mulher,Auxiliar Técnico
2026-01-08,Transferência,Assistente de Coordenação de Projetos Prioritários,1 (um),CAA-4,Secretaria de Educação,Secretaria da Mulher,Auxiliar Técnico
2026-01-08,Transferência,Assistente de Gabinete,1 (um),CAA-4,Secretaria de Educação,Secretaria da Mulher,Auxiliar Técnico
2026-01-16,Alocação,-,2 (dois),-,-,Secretaria da Casa Civil,-
2026-01-16,Alocação,-,3 (três),-,-,Secretaria da Casa Civil,-
2026-01-16,Redenominação,Superintendente de Monitoramento,1 (um),DAS-3,-,-,Assessor Especial de Coordenação Estratégica
2026-01-16,Redenominação,Superintendente de Apoio Técnico,1 (um),DAS-3,-,-,Assessor Especial de Coordenação Estratégica
2026-01-16,Alocação,Assessor,1 (um),CAA-2,-,Secretaria de Educação,-
2026-01-16,Transferência,Assistente Técnico do Programa Estadual de Transporte Escolar,1 (um),CAA-3,Secretaria de Educação,Secretaria da Casa Civil,Assistente Técnico
2026-01-16,Transferência,Chefe do Núcleo Socioeducacional da Escola de Referência em Ensino Médio,10 (dez),CAA-4,Secretaria de Educação,Secretaria da Mulher,Auxiliar Técnico
2026-01-16,Transferência,Assessor de Articulação da Educação Integral e Profi ssional,1 (um),CAA-1,Secretaria de Educação,Secretaria da Casa Civil,Assessor Técnico
2026-01-16,Redenominação,Gestor de CASE,1 (um),DAS-5,-,-,Gestor de CENIP
2026-01-16,Redenominação,Superintendente Técnico,1 (um),DAS-3,-,-,Superintendente Jurídico
2026-01-16,Redenominação,Gerente Jurídico de Apoio à Procuradoria Geral do Estado,1 (um),DAS-4,-,-,Gerente de Comunicação
2026-01-16,Redenominação,Assessor de Comunicação,1 (um),CAA-1,-,-,Coordenador Técnico de Infraestrutura e Transportes
2026-01-16,Redenominação,Coordenador de Infraestrutura,1 (um),CAA-2,-,-,Assessora do Gabinete
2026-01-16,Redenominação,Secretária de Gabinete,1 (um),CAA-3,-,-,Assistente Técnico Jurídico
2026-01-17,Transferência,Assessor Especial,1 (um),DAS-1,"Gabinete da Governadora,",Secretaria de Saúde,-
2026-01-21,Alocação,Assessor Técnico,1 (um),CAA-1,-,Secretaria de Assistência Social,-
2026-01-21,Transferência,Assessor do CONSEA,1 (um),CAA-2,"Secretaria de Assistência Social, Combate à Fome e Políticas sobre Drogas,",Secretaria da Casa Civil,Assessor
2026-01-22,Redenominação,Assessor Técnico da Comissão de Acompanhamento Interno dos Contratos de Gestão - CTAI,1 (um),CAA-2,-,-,Assessor
2026-01-31,Redenominação,Assessor Especial,1 (um),DAS-1,-,-,Secretário Executivo de Administração
2026-01-31,Alocação,Gestor de Articulação Governamental,1 (um),DAS-5,-,Secretaria da Casa Civil,-
2026-01-31,Redenominação,Assessor Especial,1 (um),DAS-2,-,-,Assessor Especial de Relações Institucionais
2026-01-31,Redenominação,Gestor de Apoio Técnico,1 (um),DAS-5,-,-,Gestor de Articulação Governamental
2026-01-31,Transferência,Assessor Técnico,1 (um),CAA-1,Secretaria da Casa Civil,Secretaria de Justiça,Coordenador
2026-01-31,Transferência,Assessor do PROCON,1 (um),CAA-2,"Secretaria de Justiça, Direitos Humanos e Prevenção à Violência",Secretaria da Casa Civil,Assessor
2026-01-31,Transferência,Assistente Técnico,1 (um),CAA-3,Secretaria da Casa Civil,Secretaria de Turismo e Lazer,Assistente da Arena de Pernambuco
2026-01-31,Alocação,Secretário Executivo de Promoção dos Direitos da Pessoa com Deficiência,1 (um),DAS-1,-,Secretaria de Justiça,-
2026-01-31,Transferência,Gestor de Apoio à Secretaria Executiva de Gestão da Fazenda,1 (um),DAS-5,Secretaria da Fazenda,Secretaria da Casa Civil,Gestor de Articulação Governamental
2026-01-31,Transferência,Chefe do Núcleo de Monitoramento e Organização da Rede Escolar,3 (três),CAA-4,Secretaria de Educação,Secretaria da Casa Civil,Auxiliar Técnico
2026-01-31,Transferência,Coordenador de Apoio Administrativo,1 (um),CAA-2,Gabinete da Governadora,Secretaria da Casa Civil,Assessor
2026-01-31,Redenominação,Gestor Técnico de Logística,1 (um),DAS-5,-,-,Gestor Técnico Contábil
2026-01-31,Alocação,Gestor do Cinema São Luiz,1 (um),DAS-5,-,Fundação do Patrimônio Histórico e Artístico de Pernambuco – FUNDARPE,-
2026-01-31,Redenominação,Coordenador do Cinema São Luiz,1 (um),CAA-1,-,-,Assessor Técnico
2026-02-04,Alocação,Assessor Especial de Articulação e Acompanhamento,1 (um),DAS-4,-,Secretaria da Casa Civil,-
2026-02-04,Alocação,Assessor,1 (um),CAA-2,-,Secretaria da Casa Civil,-
2026-02-07,Alocação,Assessor Técnico,1 (um),CAA-1,-,Secretaria da Casa Civil,-
2026-02-10,Alocação,-,3 (três),-,-,Secretaria da Casa Civil,-
2026-02-13,Alocação,Superintendente de Regulação,1 (um),DAS-3,-,Secretaria de Projetos Estratégicos,-
2026-02-21,Transferência,Gestor Técnico,1 (um),DAS-5,"Departamento de Estradas de Rodagem do Estado de Pernambuco - DER,",Secretaria da Casa Civil,-
2026-02-28,Alocação,Gerente Geral de Promoção dos Direitos da Pessoa com Deficiência,1 (um),DAS-2,-,Secretaria de Justiça,-
2026-02-28,Transferência,Gestor de Apoio à Pessoa com Deficiência,1 (um),DAS-5,"Secretaria de Justiça, Direitos Humanos e Prevenção à Violência,",Secretaria da Casa Civil,Gestor de Articulação Governamental
2026-02-28,Redenominação,Gerente de Acompanhamento Contábil Financeiro dos Contratos de Gestão,1 (um),DAS-4,-,-,Gerente Técnico
2026-02-28,Alocação,-,2 (dois),-,-,Secretaria de Comunicação,-
2026-03-05,Transferência,Assistente Técnico SEASS,2 (dois),CAA-3,"Secretaria de Assistência Social, Combate à Fome e Políticas sobre Drogas",Secretaria da Casa Civil,Assistente Técnico
2026-03-12,Redenominação,Gestor de Apoio Técnico,1 (um),DAS-5,-,-,Gestor de Articulação Governamental
2026-03-12,Alocação,Secretário Executivo de Infraestrutura das Concessões de Saneamento,1 (um),DAS-1,-,Secretaria de Recursos Hídricos e Saneamento,-
2026-03-17,Alocação,Diretor de Saneamento,1 (um),DAS-2,-,Agência de Regulação dos Serviços Públicos Delegados do Estado de Pernambuco - ARPE,-
2026-03-17,Redenominação,Assistente Técnica de Gabinete,1 (um),CAA-3,-,-,Assistente Técnica de Ouvidoria
2026-03-19,Redenominação,Assessor do Programa Criança Feliz,1 (um),CAA-2,-,-,Coordenador de Gestão Estratégica e Monitoramento
2026-03-19,Transferência,Assistente Técnico SEASS,1 (um),CAA-3,"Secretaria de Assistência Social, Combate à Fome e Políticas sobre Drogas",Secretaria da Casa Civil,Assistente Técnico
2026-03-19,Transferência,Chefe do Núcleo de Monitoramento e Organização da Rede Escolar,1 (um),CAA-4,Secretaria de Educação,Secretaria de Administração,Auxiliar Técnico
2026-03-20,Transferência,Chefe do Núcleo de Laboratório de Ciências da Escola de Referência em Ensino Médio,12 (doze),CAA-4,Secretaria de Educação,Secretaria de Saúde,Auxiliar Operacional
2026-03-21,Alocação,Gerente Técnico,1 (um),DAS-4,-,Secretaria de Mobilidade e Infraestrutura,-
2026-03-21,Alocação,Gerente Geral de Relações Internacionais,1 (um),DAS-2,-,Secretaria da Assessoria Especial à Governadora e Relações Internacionais,-
2026-03-21,Transferência,Chefe do Núcleo de Monitoramento e Organização da Rede Escolar,1 (um),CAA-4,Secretaria de Educação,Secretaria da Casa Civil,Auxiliar Técnico
2026-03-21,Redenominação,Gerente de Tecnologia Educacional,1 (um),DAS-4,-,-,Gerente de Projetos e Governança de TI
2026-03-27,Alocação,Gerente de Apoio Técnico,1 (um),DAS-4,-,Secretaria da Casa Civil,-
2026-03-27,Alocação,Gestor de Articulação Governamental,1 (um),DAS-5,-,Secretaria da Casa Civil,-
2026-03-27,Transferência,Auxiliar Técnico,1 (um),CAA-4,Secretaria de Administração,Secretaria de Desenvolvimento Profi ssional e Empreendedorismo,-
2026-03-27,Transferência,Assessor Técnico de Gestão Estratégica,1 (um),CAA-2,"Secretaria de Planejamento, Gestão e Desenvolvimento Regional",Agência Estadual de Planejamento e Pesquisas de Pernambuco - CONDEPE/FIDEM,Coordenador de Execução Financeira
2026-03-27,Redenominação,Superintendente de Patrimônio,1,DAS-3,-,-,Superintendente de Patrimônio Imaterial
2026-04-07,Alocação,Assessor Especial,1 (um),DAS-2,-,Gabinete da Governadora,-
2026-04-07,Alocação,-,4 (quatro),-,-,Secretaria da Casa Civil,-
2026-04-07,Redenominação,Gerente Geral de Articulação,1 (um),DAS-2,-,-,Assessor Especial
2026-04-07,Redenominação,Gerente Geral de Coordenação Institucional,1 (um),DAS-2,-,-,Assessor Especial
2026-04-07,Transferência,Assessor Técnico de Contratos de Gestão,1 (um),CAA-2,Secretaria de Saúde,Secretaria de Assistência Social,Coordenador de Vigilância em Segurança Alimentar e Nutricional
2026-04-07,Redenominação,Coordenador de Vigilância em Segurança Alimentar e Nutricional,1 (um),CAA-1,-,-,Coordenador de Parcerias em Segurança Alimentar Nutricional
2026-04-07,Redenominação,Assessor de Equipamentos da Segurança Alimentar e Nutricional,1 (um),CAA-2,-,-,Assessor de Gestão de Pessoas
2026-04-09,Transferência,Chefe do Núcleo Administrativo da Escola de Referência em Ensino Médio,1 (um),CAA-4,Secretaria de Educação,Secretaria da Casa Civil,Auxiliar Operacional
2026-04-09,Transferência,Chefe do Núcleo Administrativo da Escola de Referência em Ensino Médio,1 (um),CAA-4,Secretaria de Educação,Departamento Estadual de Trânsito de Pernambuco – DETRAN/PE,Auxiliar Operacional
2026-04-09,Alocação,Secretário Executivo de Planejamento,1 (um),DAS-1,-,Secretaria de Administração Penitenciária e Ressocialização,-
2026-04-15,Alocação,Gerente de Apoio Técnico,1 (um),DAS-4,-,Secretaria da Casa Civil,-
2026-04-15,Alocação,Assessor,4 (quatro),CAA-2,-,Secretaria da Casa Civil,-
2026-04-15,Transferência,Chefe do Núcleo de Laboratório de Ciências da Escola de Referência em Ensino Médio,8 (oito),CAA-4,Secretaria de Educação,Secretaria da Casa Civil,Auxiliar Técnico
2026-04-15,Transferência,Chefe do Núcleo Administrativo da Escola de Referência em Ensino Médio,5 (cinco),CAA-4,Secretaria de Educação,Secretaria da Casa Civil,Auxiliar Técnico
2026-04-15,Transferência,Assistente de Gerência,1 (um),CAA-3,Secretaria da Mulher,Secretaria da Casa Civil,Assistente Técnico
2026-04-15,Transferência,Assistente Técnico Jurídico de Pessoal,1 (um),CAA-3,Secretaria de Administração,Secretaria da Casa Civil,Assistente Técnico
2026-04-15,Transferência,Assistente Técnico de TI,1 (um),CAA-3,"Secretaria de Assistência Social, Combate à Fome e Política Sobre Drogas",Secretaria da Casa Civil,Assistente Técnico
2026-04-15,Transferência,Assistente Técnico,1 (um),CAA-3,Gabinete da Governadora,Secretaria da Casa Civil,-
2026-04-15,Redenominação,Coordenador de Atenção à Saúde da V Regional de Saúde - GERES – Garanhuns,1 (um),CAA-2,-,-,Coordenador de Vigilância em Saúde da VIII Regional de Saúde - GERES – Petrolina
2026-04-15,Transferência,Coordenador da Unidade de Vigilância de Ambientes e Processos de Trabalho,1 (um),CAA-2,Agência Pernambucana de Vigilância Sanitária e Saúde do Trabalhador - APEVISA,Secretaria de Saúde,Coordenador de Segurança Alimentar e Nutricional Sustentável
2026-04-15,Transferência,Chefe da Unidade de Educação Infantil e dos Anos Iniciais,3 (três),CAA-4,Secretaria de Educação,Secretaria de Saúde,Auxiliar Operacional
2026-04-15,Transferência,Chefe do Núcleo de Laboratório de Ciências da Escola de Referência em Ensino Médio,4 (quatro),CAA-4,Secretaria de Educação,Secretaria de Saúde,Auxiliar Operacional
2026-04-15,Redenominação,Diretor de Comunicação,1 (um),DAS-4,-,-,Diretor de Educação a Distância
2026-04-15,Transferência,Assistente Técnico de Tecnologia da Informação da EGAPE,1 (um),CAA-3,Secretaria de Administração,Secretaria da Casa Civil,Assistente Técnico
2026-04-15,Transferência,Chefe da Unidade de Educação Infantil e dos Anos Iniciais,1 (um),CAA-4,Secretaria de Educação,Secretaria de Saúde,Auxiliar Operacional
2026-04-18,Redenominação,Superintendente de Projetos Especiais,1 (um),DAS-3,-,-,Superintendente de Desenvolvimento Regional
2026-04-18,Redenominação,Gerente da Assessoria Técnica do Gabinete,1 (um),DAS-4,-,-,Gerente do Núcleo Integrado de Comunicação
2026-04-18,Redenominação,Gerente de Gestão de Pessoas,1 (um),DAS-4,-,-,Gerente de Governança e Estratégia
2026-04-18,Redenominação,Gerente de Projetos Especiais,1 (um),DAS-4,-,-,Gerente de Inovação e Estratégia do Instituto de Gestão
2026-04-18,Redenominação,Gestor da Assessoria Técnica do Gabinete,1 (um),DAS-5,-,-,Gestor Técnico da Assessoria de Comunicação
2026-04-18,Redenominação,Assessor Técnico de Coordenação Geral,1 (um),CAA-1,-,-,Assessor Especial Administrativo
2026-04-18,Redenominação,Assessor Administrativo,1 (um),CAA-2,-,-,Assessor de Coordenação Geral
2026-04-18,Redenominação,Assessor de Licitação,1 (um),CAA-2,-,-,Assessor de Contratações Públicas
2026-04-18,Redenominação,Assessor de Gabinete,1 (um),CAA-2,-,-,Assessor de Estudos e Pesquisas
2026-04-18,Redenominação,Assessor Técnico,1 (um),CAA-2,-,-,Assessor de Gestão Estratégica
2026-04-18,Redenominação,Assistente de Apoio à Secretaria Executiva de Coordenação Geral,1 (um),CAA-3,-,-,Assistente Técnico de Folha De Pagamento
2026-04-18,Redenominação,Assistente de Monitoramento e Informações Estratégicas,1 (um),CAA-3,-,-,Assistente do Núcleo de Ciência De Dados
2026-04-18,Redenominação,Assistente Técnico de Contabilidade,1 (um),CAA-3,-,-,Assistente Técnico de Gestão de Pessoas
2026-04-18,Redenominação,Assistente de Controle Financeiro,1 (um),CAA-4,-,-,Assistente de Controle Interno
2026-04-18,Redenominação,Assistente em Sistemas,1 (um),CAA-4,-,-,Assistente de Monitoramento de Convênios
2026-04-18,Redenominação,Auxiliar de Apoio Administrativo,1 (um),CAA-5,-,-,Apoio à Gestão de Pessoas
2026-04-23,Alocação,-,4 (quatro),-,-,Secretaria da Casa Civil,-
2026-04-23,Redenominação,Assessor Especial,1 (um),DAS-2,-,-,Assessor Especial de Relações Institucionais
2026-04-23,Transferência,Chefe do Núcleo Administrativo da Escola de Referência em Ensino Médio,1 (um),CAA-4,Secretaria de Educação,Secretaria da Casa Civil,Auxiliar Técnico
2026-04-23,Redenominação,Diretor de Controle Interno,1 (um),DAS-2,-,-,Gerente Geral de Coordenação e Gestão
2026-04-23,Redenominação,Gestor da Política LGBTQIA+,1 (um),DAS-5,-,-,Gestor Técnico de Controle Interno
2026-04-23,Redenominação,Assessor Jurídico,1 (um),CAA-2,-,-,Assessor Especial de Planejamento Estratégico
2026-04-23,Transferência,Assistente Técnico Jurídico de Pessoal,1 (um),CAA-3,Secretaria de Administração,Secretaria da Casa Civil,Assistente Técnico
2026-04-23,Transferência,Assistente Técnico Projetos Especiais,1 (um),CAA-3,Secretaria de Administração,Secretaria da Casa Civil,de Assistente Técnico
2026-04-28,Alocação,-,2 (dois),-,-,Secretaria da Casa Civil,-
2026-04-28,Redenominação,Coordenador de Acolhimento Institucional,1 (um),CAA-1,-,-,Coordenador de Patrimônio
2026-04-28,Redenominação,Assessor de Patrimônio,1 (um),CAA-2,-,-,Assessor Técnico de Relacionamento Interno e com a Imprensa
2026-04-28,Redenominação,Assistente Técnico de Relacionamento Interno e com a Imprensa,1 (um),CAA-3,-,-,Assistente Administrativo
2026-04-28,Redenominação,Assistente Técnico de Gabinete,1 (um),CAA-3,-,-,Assistente Técnico Financeiro
2026-04-29,Alocação,Gestor de Articulação Governamental,1 (um),DAS-5,-,Secretaria da Casa Civil,-
2026-04-29,Transferência,"Gerente Geral de Cadastro de Pessoal, Movimentação e Folha de Pagamento",1 (um),DAS-2,Secretaria de Administração,Instituto de Pesos e Medidas do Estado de Pernambuco – IPEM,Diretor Técnico
2026-04-29,Transferência,Coordenador de Análise de Custos dos Contratos de Gestão,1 (um),CAA-2,Secretaria de Saúde,Secretaria de Administração,Assessor
2026-04-30,Alocação,Assessor Especial de Relações Institucionais,1 (um),DAS-2,-,Secretaria da Casa Civil,-
2026-05-01,Alocação,Assessor,1 (um),CAA-2,-,Secretaria da Casa Civil,-
2026-05-01,Transferência,Chefe do Núcleo Administrativo da Escola de Referência em Ensino Médio,1 (um),CAA-4,Secretaria de Educação,Secretaria da Casa Civil,Auxiliar Técnico
2026-05-01,Redenominação,Assessor de Comunicação,1 (um),CAA-1,-,-,Assessor de Engenharia
2026-05-01,Transferência,Chefe do Núcleo Administrativo da Escola de Referência em Ensino Médio,1 (um),CAA-4,Secretaria de Educação,Secretaria da Casa Civil,Auxiliar Técnico
2026-05-01,Alocação,Assessor Especial de Relações Institucionais ao IASSEPE,1 (um),DAS-1,-,Instituto de Atenção à Saúde e Bem-estar dos Servidores do Estado de Pernambuco – IASSEPE,-
2026-05-01,Transferência,Superintendente de Atendimento ao Benefi ciário,1 (um),DAS-3,Instituto de Atenção à Saúde e Bem-estar dos Servidores do Estado de Pernambuco - IASSEPE,Secretaria da Casa Civil,Assessor Especial de Coordenação Estratégica
2026-05-01,Transferência,Superintendente de Auditoria,1 (um),DAS-3,Instituto de Atenção à Saúde e Bem-estar dos Servidores do Estado de Pernambuco - IASSEPE,Secretaria da Casa Civil,Assessor Especial de Coordenação Estratégica
2026-05-01,Transferência,Gerente de Relacionamento,1 (um),DAS-4,Instituto de Atenção à Saúde e Bem-estar dos Servidores do Estado de Pernambuco - IASSEPE,Secretaria da Casa Civil,Assessor Especial de Articulação e Acompanhamento
2026-05-01,Transferência,Gerente de Cadastro,1 (um),DAS-4,Instituto de Atenção à Saúde e Bem-estar dos Servidores do Estado de Pernambuco - IASSEPE,Secretaria da Casa Civil,Assessor Especial de Articulação e Acompanhamento
2026-05-01,Transferência,Gestor de Rede Própria,1 (um),DAS-5,Instituto de Atenção à Saúde e Bem-estar dos Servidores do Estado de Pernambuco - IASSEPE,Secretaria da Casa Civil,Gestor de Articulação Governamental
2026-05-01,Transferência,Coordenador de Unidade,1 (um),CAA-3,Instituto de Atenção à Saúde e Bem-estar dos Servidores do Estado de Pernambuco - IASSEPE,Secretaria da Casa Civil,Assistente Técnico
2026-05-01,Transferência,Assistente Técnico,2 (dois),CAA-3,Instituto de Atenção à Saúde e Bem-estar dos Servidores do Estado de Pernambuco - IASSEPE,Secretaria da Casa Civil,Auxiliar Técnico
2026-05-01,Transferência,Assistente Técnico de Contratações,1 (um),CAA-4,Instituto de Atenção à Saúde e Bem-estar dos Servidores do Estado de Pernambuco - IASSEPE,Secretaria da Casa Civil,Auxiliar Técnico
2026-05-01,Transferência,Auxiliar de Contabilidade,1 (um),CAA-5,Instituto de Atenção à Saúde e Bem-estar dos Servidores do Estado de Pernambuco - IASSEPE,Secretaria da Casa Civil,Auxiliar Administrativo
2026-05-01,Transferência,Auxiliar Técnico,1 (um),CAA-5,Instituto de Atenção à Saúde e Bem-estar dos Servidores do Estado de Pernambuco - IASSEPE,Secretaria da Casa Civil,Auxiliar Administrativo
2026-05-01,Transferência,Assistente de Apoio,3 (três),CAA-4,Secretaria de Educação,Secretaria da Casa Civil,Auxiliar Técnico
2026-05-01,Transferência,"Secretário Executivo de Planejamento, Administração e Gestão",1 (um),DAS-1,Secretaria de Comunicação,Secretaria da Casa Civil,Assessor Especial
2026-05-01,Transferência,Gerente de Sistematização e Disseminação de Informações,1 (um),DAS-4,Agência Estadual de Planejamento e Pesquisas de Pernambuco - CONDEPE/FIDEM,Secretaria da Casa Civil,Assessor Especial de Articulação e Acompanhamento
2026-05-01,Transferência,Gestor Técnico de Monitoramento e Sustentação,1 (um),DAS-5,Secretaria de Administração,Secretaria da Casa Civil,Gestor de Articulação Governamental
2026-05-01,Transferência,Gestor Técnico de Projetos Estratégicos,1 (um),DAS-5,Fundação de Amparo à Ciência e Tecnologia - FACEPE,Secretaria da Casa Civil,Gestor de Articulação Governamental
2026-05-01,Transferência,Auxiliar Técnico,2 (dois),CAA-4,Secretaria da Mulher,Secretaria da Casa Civil,-
2026-05-01,Transferência,Auxiliar Técnico,2 (dois),CAA-4,Secretaria da Mulher,Conselho Estadual de Defesa dos Direitos da Criança e do Adolescente de Pernambuco - CEDCA/PE,-
2026-05-01,Alocação,Gestor de Acompanhamento das Atividades Públicas,1 (um),DAS-5,-,Secretaria da Casa Civil,-
2026-05-09,Alocação,-,2 (dois),-,-,Secretaria da Casa Civil,-
2026-05-09,Transferência,Auxiliar Administrativo,1 (um),CAA-5,"Secretaria da Casa Civil,",Secretaria de Assistência Social,-
2026-05-12,Transferência,Chefe de Núcleo Administrativo da Escola de Referência do Ensino Médio,1 (um),CAA-4,"Secretaria de Educação,",Secretaria da Saúde,Auxiliar Operacional
2026-05-12,Transferência,Chefe do Núcleo Administrativo da Escola de Referência em Ensino Médio,4 (quatro),CAA-4,"Secretaria de Educação,",Secretaria de Saúde,Auxiliar Operacional
2026-05-12,Redenominação,Chefe do Núcleo de Suporte,1 (um),CAA-2,-,-,Coordenador de Suporte
2026-05-12,Transferência,Gestor de Articulação Governamental,1 (um),DAS-5,Secretaria da Casa Civil,Secretaria de Administração,Gestor Técnico de Monitoramento e Suporte
2026-05-15,Redenominação,Assistente da Gerência Regional,2 (dois),CAA-4,-,-,Auxiliar Técnico
2026-05-15,Redenominação,Assistente de Apoio Institucional,1 (um),CAA-4,-,-,Auxiliar Técnico
2026-05-15,Redenominação,Assistente de Gabinete da Educação Integral e Profi ssional,1 (um),CAA-4,-,-,Auxiliar Técnico
2026-05-15,Redenominação,Assistente Técnico da Rede Escolar,1 (um),CAA-4,-,-,Auxiliar Técnico
2026-05-15,Redenominação,Assistente Técnico da Unidade de Coordenação do Programa de Educação Integral,5 (cinco),CAA-4,-,-,Auxiliar Técnico
2026-05-15,Redenominação,Assistente Técnico de Gestão Educacional,9 (nove),CAA-4,-,-,Auxiliar Técnico
2026-05-15,Redenominação,Chefe da Unidade de Educação Infantil e dos Anos Iniciais,12 (doze),CAA-4,-,-,Auxiliar Técnico
2026-05-15,Redenominação,Chefe de Unidade de Coordenação do Programa de Educação Integral,7 (sete),CAA-4,-,-,Auxiliar Técnico
2026-05-15,Redenominação,Chefe do Núcleo Administrativo da Escola de Referência em Ensino Médio,18 (dezoito),CAA-4,-,-,Auxiliar Técnico
2026-05-15,Redenominação,Auxiliar Administrativo de Planejamento e Controle das Aquisições,1 (um),CAA-5,-,-,Auxiliar Administrativo
2026-05-15,Redenominação,Auxiliar Administrativo de Secretaria Executiva,1 (um),CAA-5,-,-,Auxiliar Administrativo
2026-05-15,Redenominação,Auxiliar Administrativo Técnico da Rede Escolar,1 (um),CAA-5,-,-,Auxiliar Administrativo
2026-05-15,Transferência,Gerente Geral de Análise e Projeções de Cenários Fiscais,1 (um),DAS-2,"Secretaria de Planejamento, Gestão e Desenvolvimento Regional,",Secretaria de Desenvolvimento Econômico,Gerente Geral de Orçamento e Convênios
2026-05-15,Transferência,Assistente Técnico de Abrigamento,1,CAA-3,Secretaria da Mulher,Secretaria da Casa Civil,Assistente Técnico
2026-05-15,Transferência,Assistente Técnico de Informações Estratégicas,1,CAA-3,Secretaria da Assessoria Especial à Governadora e Relações Internacionais,Secretaria da Casa Civil,Assistente Técnico
2026-05-15,Alocação,Assessor Especial de Articulação e Acompanhamento,3 (três),DAS-4,-,Secretaria da Casa Civil,-
2026-05-16,Transferência,Auxiliar Técnico,20 (vinte),CAA-4,Secretaria de Educação,Secretaria da Casa Civil,-
2026-05-16,Transferência,Auxiliar Técnico,1 (um),CAA-4,Conselho Estadual de Defesa dos Direitos da Criança e do Adolescente de Pernambuco - CEDCA/PE,Secretaria da Casa Civil,-
2026-05-16,Transferência,Auxiliar Administrativo,1 (um),CAA-5,Conselho Estadual de Defesa dos Direitos da Criança e do Adolescente de Pernambuco - CEDCA/PE,Secretaria da Casa Civil,-
2026-05-16,Redenominação,Auxiliar de Gabinete,2 (dois),CAA-5,-,-,Auxiliar Administrativo
2026-05-16,Redenominação,Gerente de Análise de Risco e Prevenção em Defesa Civil,1 (um),DAS-2,-,-,Assessor Técnico de Análise de Riscos Tecnológicos
2026-05-16,Redenominação,Gerente de Restabelecimento e Recuperação em Defesa Civil,1 (um),DAS-2,-,-,Assessor Técnico de Análise de Riscos Naturais
2026-05-16,Redenominação,Gestor Técnico em Defesa Civil,1 (um),DAS-5,-,-,Assessor Especial de Engenharia de Riscos de Desastres
2026-05-16,Redenominação,Coordenador de Monitoramento e Alerta de Defesa Civil,1 (um),CAA-2,-,-,Coordenador de Gestão de Desastres
2026-05-16,Redenominação,Assessor de Assistência Social em Defesa Civil,1 (um),CAA-2,-,-,Coordenador de Ajuda Humanitária
2026-05-20,Transferência,Auxiliar Técnico,9 (nove),CAA-4,Secretaria de Educação,Secretaria da Casa Civil,-
2026-05-20,Transferência,Auxiliar Administrativo,3 (três),CAA-5,Secretaria de Educação,Secretaria da Casa Civil,-
2026-05-23,Transferência,Coordenador de Apoio Administrativo,1 (um),CAA-2,Gabinete da Governadora,Secretaria da Casa Civil,Assessor
2026-05-23,Alocação,Assessor Técnico,1 (um),CAA-1,-,Secretaria da Casa Civil,-
2026-05-23,Transferência,Coordenador de Apoio Adminis-trativo,1 (um),CAA-2,Gabinete da Governadora,Secretaria de Saúde,Assessor
2026-05-23,Transferência,Auxiliar Técnico,1 (um),CAA-4,Secretaria de Educação,Conselho Estadual dos Direitos da Criança e do Adolescente - CEDCA,-
2026-05-23,Transferência,Auxiliar Técnico,1 (um),CAA-4,Secretaria de Educação,Secretaria da Mulher,-
2026-05-23,Transferência,Gestor de Articulação Governamental,1 (um),DAS-5,Secretaria da Casa Civil,Secretaria de Justiça,Gestor da Política LGBTQIA+
2026-05-23,Transferência,Coordenador de Apoio Executivo,1 (um),DAS-4,Gabinete da Governadora,Secretaria de Assistência Social,Gerente de Controle Interno
2026-05-23,Transferência,Gestor Técnico de Controle Interno,1 (um),DAS-5,"Secretaria de Assistência Social, Combate à Fome e Políticas sobre Drogas",Secretaria da Casa Civil,Gestor de Articulação Governamental
2026-05-23,Alocação,Assessor Especial de Relações Institucionais,1 (um),DAS-2,-,Secretaria da Casa Civil,-
2026-05-23,Transferência,Auxiliar Técnico,1 (um),CAA-4,Secretaria de Educação,Secretaria da Casa Civil,-
2026-05-23,Transferência,Gerente de Processos Seletivos e Desempenho de Lideranças,1 (um),DAS-4,Secretaria de Administração,Secretaria de Comunicação,Gerente Administrativo e Financeiro
2026-05-23,Redenominação,Auxiliar Administrativo,1 (um),CAA-5,-,-,Auxiliar de Conferência de Preços
2026-05-23,Redenominação,Consultor Técnico,1 (um),DAS-2,-,-,Gerente Geral de Convênios
2026-05-23,Redenominação,Gestor Técnico Contábil,1 (um),DAS-5,-,-,Ouvidor
2026-05-23,Redenominação,Assessor de Apoio ao Gabinete,1 (um),CAA-2,-,-,Assessor de Prestação de Contas
2026-05-23,Redenominação,Ouvidor,1 (um),CAA-2,-,-,Assessor de Apoio ao Gabinete
2026-05-23,Redenominação,Assessor de Apoio à Gestão de Pessoas,1 (um),CAA-2,-,-,Asses-sor de Projetos de Regime Colaborativo
2026-05-26,Transferência,Auxiliar Técnico,2 (dois),CAA-4,Secretaria de Educação,Secretaria da Casa Civil,-
2026-05-28,Redenominação,Assistente Técnico Administrativo,1 (um),CAA-3,-,-,Assistente Técnico de Controle Interno
2026-05-28,Redenominação,Assistente de Diretoria,1 (um),CAA-4,-,-,Assistente de Ouvidoria e Satisfação do Usuário
2026-05-28,Redenominação,Assistente de Diretoria,1 (um),CAA-4,-,-,Assistente de Projetos Institucionais
2026-05-28,Alocação,Assessor,1 (um),CAA-2,-,Secretaria da Casa Civil,-
2026-05-30,Transferência,Auxiliar de Gabinete da Governadora,1 (um),CAA-5,Gabinete da Governadora,Secretaria da Casa Civil,Auxiliar Administrativo
2026-05-30,Redenominação,Coordenador de Vigilância em Saúde da I Regional de Saúde - GERES - Recife,1 (um),CAA-2,-,-,Coordenador da Política de Pessoa com Deficiência
2026-05-30,Transferência,Auxiliar Técnico,1 (um),CAA-4,Secretaria de Educação,Secretaria da Casa Civil,-
2026-05-30,Transferência,Auxiliar Técnico,1 (um),CAA-4,Secretaria de Educação,Secretaria da Casa Civil,-
2026-05-30,Transferência,Auxiliar Técnico,2 (dois),CAA-4,Secretaria de Educação,Secretaria da Casa Civil,-
2026-05-30,Transferência,Auxiliar Técnico,4 (quatro),CAA-4,Secretaria de Educação,Secretaria da Casa Civil,-
2026-06-03,Redenominação,Assistente Técnico Jurídico,1 (um),CAA-3,-,-,Assistente Técnico
2026-06-05,Alocação,Assessor,1 (um),CAA-2,-,Secretaria da Casa Civil,-
2026-06-05,Alocação,-,10 (dez),-,-,Secretaria da Casa Civil,-
2026-06-05,Transferência,Auxiliar Técnico,1 (um),CAA-4,Secretaria de Educação,Secretaria da Casa Civil,-
2026-06-05,Transferência,Auxiliar Técnico,10 (dez),CAA-4,Secretaria de Educação,Secretaria da Casa Civil,-
2026-06-05,Redenominação,Gestor Técnico de Educação Corporativa da EGAPE,01 (um),DAS-5,-,-,Gestor Técnico de Administração e Finanças
2026-06-06,Transferência,Auxiliar de Gabinete da Governadora,1,CAA-5,"Gabinete da Governadora,",Secretaria da Casa Civil,Auxiliar Administrativo
2026-06-06,Redenominação,Gestor Técnico,1 (um),DAS-5,-,-,Gestor de Articulação Governamental
2026-06-11,Alocação,Assessor,1 (um),CAA-2,-,Gabinete da Governadora,-
2026-06-11,Transferência,Apoio de Gerência,1 (um),CAA-4,Secretaria da Mulher,Secretaria da Casa Civil,Auxiliar Técnico
2026-06-11,Redenominação,Gerente de Controle Interno,1 (um),DAS-4,-,-,Gerente Técnico
2026-06-13,Transferência,Assessor Especial,1 (um),DAS-1,Gabinete da Governadora,Secretaria da Casa Civil,-
2026-06-13,Alocação,-,2 (dois),-,-,Secretaria da Casa Civil,-
2026-06-17,Alocação,Assessor Técnico,1 (um),CAA-1,-,Secretaria da Casa Civil,-
2026-06-27,Redenominação,Consultor Técnico,1 (um),DAS-2,-,-,Diretor Executivo
2026-06-27,Transferência,Consultor Técnico,2 (dois),DAS-2,Secretaria de Projetos Estratégicos,Secretaria da Casa Civil,Assessor Especial de Relações Institucionais
2026-06-27,Transferência,Gestor Jurídico de Licitações,1 (um),DAS-5,Secretaria de Saúde,Secretaria da Casa Civil,Gestor de Articulação Governamental
2026-06-27,Transferência,Gestor Técnico de Articulação,1 (um),DAS-5,Secretaria de Saúde,Secretaria da Casa Civil,Gestor de Articulação Governamental
2026-06-27,Transferência,Assistente de Hospital - Otávio de Freitas,1 (um),CAA-3,Secretaria de Saúde,Secretaria da Casa Civil,Assistente Técnico
2026-06-27,Transferência,Assistente de Hospital Regional do Agreste,1 (um),CAA-3,Secretaria de Saúde,Secretaria da Casa Civil,Assistente Técnico
2026-06-27,Transferência,Assistente Jurídico,1 (um),CAA-3,Secretaria de Saúde,Secretaria da Casa Civil,Assistente Técnico
2026-06-27,Transferência,Assistente Técnico de Gestão Estratégica e Coordenação Geral,1 (um),CAA-3,Secretaria de Saúde,Secretaria da Casa Civil,Assistente Técnico
2026-06-27,Transferência,Gestor de Frota,1 (um),DAS-5,Secretaria de Recursos Hídricos e Saneamento,Secretaria da Casa Civil,Gestor de Articulação Governamental
2026-06-27,Transferência,Assistente Técnico de Gestão de Pessoas,1 (um),CAA-3,"Secretaria de Justiça, Direitos Humanos e Prevenção à Violência",Secretaria da Casa Civil,Assistente Técnico
2026-06-27,Transferência,Assistente Técnico,1 (um),CAA-3,Instituto de Atenção à Saúde e Bem-estar dos Servidores do Estado de Pernambuco - IASSEPE,Secretaria da Casa Civil,-
2026-06-27,Transferência,Assistente Técnico,1 (um),CAA-3,Secretaria da Controladoria-Geral do Estado,Secretaria da Casa Civil,-
2026-06-27,Transferência,Assessor III,2 (dois),CAA-3,Vice Governadoria,Secretaria da Casa Civil,Assistente Técnico
2026-06-27,Transferência,Assistente Técnico Financeiro,1 (um),CAA-3,Secretaria de Mobilidade e Infraestrutura,Secretaria da Casa Civil,Assistente Técnico
2026-06-27,Alocação,Secretária Gabinete,2 (dois),CAA-3,-,Secretaria da Casa Civil,-
2026-07-01,Transferência,Assessor Especial,1 (um),DAS-1,"Secretaria de Planejamento, Gestão e Desenvolvimento Regional",Secretaria da Casa Civil,-
2026-07-01,Transferência,Secretário Executivo de Planejamento e Gestão,1 (um),DAS-1,Secretaria da Mulher,Secretaria da Casa Civil,Assessor Especial
2026-07-01,Transferência,Gerente de Formação em Gênero,1 (um),DAS-3,Secretaria da Mulher,Secretaria da Casa Civil,Assessor Especial de Coordenação Estratégica
2026-07-01,Transferência,Gerente Geral de Desapropriações,1 (um),DAS-2,Procuradoria Geral do Estado,Secretaria da Casa Civil,Assessor Especial de Relações Institucionais
2026-07-01,Transferência,Assessor Especial IV,2 (dois),DAS-4,Vice Governadoria,Secretaria da Casa Civil,Assessor Especial de Articulação e Acompanhamento
2026-07-01,Transferência,Assessor Especial,1 (um),DAS-1,Secretaria de Saúde,Secretaria da Casa Civil,Assessor Especial de Coordenação Estratégica
2026-07-01,Transferência,Superintendente de Regulação,1 (um),DAS-3,Secretaria de Projetos Estratégicos,Secretaria da Casa Civil,Assessor Especial de Coordenação Estratégica
2026-07-01,Transferência,Gerente Jurídico,1 (um),DAS-4,Secretaria de Projetos Estratégicos,Secretaria da Casa Civil,Gerente de Apoio Técnico
2026-07-01,Transferência,Secretário Executivo de Mobilidade e Infraestrutura,1 (um),DAS-1,Secretaria de Mobilidade e Infraestrutura,Secretaria da Casa Civil,Assessor Especial
2026-07-01,Transferência,Gerente Financeiro,1 (um),DAS-4,Secretaria de Recursos Hídricos e Saneamento,Secretaria da Casa Civil,Gerente de Apoio Técnico
2026-07-01,Transferência,Gerente de Fiscalização,1 (um),DAS-4,Secretaria de Recursos Hídricos e Saneamento,Secretaria da Casa Civil,Gerente da Setorial Contábil
2026-07-01,Alocação,Gestor de Apoio Técnico,1 (um),DAS-5,-,Secretaria da Casa Civil,-
2026-07-01,Transferência,Gestor de Articulação Institucional,1 (um),DAS-5,"Secretaria de Planejamento, Gestão e Desenvolvimento Regional",Secretaria da Casa Civil,Gestor de Articulação Governamental
2026-07-01,Transferência,Assistente do Núcleo de Ciência de Dados,1 (um),CAA-3,"Secretaria de Planejamento, Gestão e Desenvolvimento Regional",Secretaria da Casa Civil,Assistente Técnico
2026-07-01,Transferência,Gestor Técnico de Apoio Institucional,1 (um),DAS-5,Agência Pernambucana de Águas e Clima - APAC,Secretaria da Casa Civil,Gestor de Articulação Governamental
2026-07-01,Transferência,Gestor Técnico de Fiscalização do PISF/PE,1 (um),DAS-5,Agência Pernambucana de Águas e Clima - APAC,Secretaria da Casa Civil,Gestor de Articulação Governamental
2026-07-01,Transferência,Gestor Técnico de Geoprocessamento do PISF/PE,1 (um),DAS-5,Agência Pernambucana de Águas e Clima - APAC,Secretaria da Casa Civil,Gestor de Articulação Governamental
2026-07-01,Transferência,Gestor Administrativo,1 (um),DAS-5,Secretaria de Administração Penitenciária e Ressocialização,Secretaria da Casa Civil,Gestor de Articulação Governamental
2026-07-01,Transferência,Gestor Técnico,1 (um),DAS-5,Secretaria de Administração Penitenciária e Ressocialização,Secretaria da Casa Civil,Gestor de Articulação Governamental
2026-07-01,Transferência,Secretário de Gabinete,1 (um),CAA-3,Fundação de Aposentadorias e Pensões do Estado de Pernambuco - FUNAPE,Secretaria da Casa Civil,Assistente Técnico
2026-07-01,Transferência,Assistente Técnico da Rede Escolar,1 (um),CAA-3,Secretaria de Educação,Secretaria da Casa Civil,Assistente Técnico
2026-07-01,Transferência,Assistente Técnico do Programa Estadual de Transporte Escolar,1 (um),CAA-3,Secretaria de Educação,Secretaria da Casa Civil,Assistente Técnico
2026-07-01,Transferência,Assistente de Prestação de Contas,1 (um),CAA-3,Secretaria de Saúde,Secretaria da Casa Civil,Assistente Técnico
2026-07-01,Transferência,Chefe de Monitoramento Estratégico,1 (um),CAA-3,Secretaria de Saúde,Secretaria da Casa Civil,Assistente Técnico
2026-07-01,Transferência,Chefe de Saúde Prisional,1 (um),CAA-3,Secretaria de Saúde,Secretaria da Casa Civil,Assistente Técnico
2026-07-01,Transferência,Chefe do Comitê Estadual de Farmácia e Terapêutica,1 (um),CAA-3,Secretaria de Saúde,Secretaria da Casa Civil,Assistente Técnico
2026-07-01,Transferência,Chefe de Ações Farmacêuticas,1 (um),CAA-3,Fundação de Hematologia e Hemoterapia de Pernambuco - HEMOPE,Secretaria da Casa Civil,Assistente Técnico
2026-07-01,Transferência,Assistente da Presidência,1 (um),CAA-3,Agência Estadual de Meio Ambiente - CPRH,Secretaria da Casa Civil,Assistente Técnico
2026-07-01,Transferência,Coordenador de Tecnologia e Ensino à Distância,1 (um),CAA-3,Secretaria de Defesa Social,Secretaria da Casa Civil,Assistente Técnico
2026-07-01,Transferência,Comandante da Academia Bombeiro Militar dos Guararapes,1 (um),CAA-3,Secretaria de Defesa Social,Secretaria da Casa Civil,Assistente Técnico
2026-07-01,Transferência,Secretário de Gabinete da Chefi a de Polícia Civil,1 (um),CAA-3,Secretaria de Defesa Social,Secretaria da Casa Civil,Assistente Técnico
2026-07-01,Transferência,"Coordenador de Pós-Graduação, Pesquisa e Extensão em Saúde",1 (um),CAA-3,Secretaria de Defesa Social,Secretaria da Casa Civil,Assistente Técnico
2026-07-02,Alocação,Assessor Especial de Articulação e Acompanhamento,1 (um),DAS-4,-,Secretaria da Casa Civil,-
2026-07-02,Transferência,Gestor Técnico de Apoio à Fase Preparatória de Contratações Públicas,1 (um),DAS-5,Secretaria de Administração,Conselho Estadual de Defesa dos Direitos da Criança e do Adolescente -CEDCA,Gestor Técnico
2026-07-02,Transferência,Assessor Jurídico,1 (um),CAA-2,"Secretaria de Justiça, Direitos Humanos e Prevenção à Violência",Secretaria da Casa Civil,Assessor
2026-07-02,Transferência,Assistente de Apoio,1 (um),CAA-5,"Secretaria de Justiça, Direitos Humanos e Prevenção à Violência",Secretaria da Casa Civil,Auxiliar Administrativo
2026-07-02,Transferência,Assistente do Núcleo de Apoio Administrativo,1 (um),CAA-4,Secretaria da Fazenda,Secretaria da Casa Civil,Auxiliar Técnico
2026-07-02,Transferência,Assistente de Gabinete,1 (um),CAA-4,Secretaria da Fazenda,Secretaria da Casa Civil,Auxiliar Técnico
2026-07-02,Transferência,Auxiliar de Gabinete,1 (um),CAA-5,Secretaria da Fazenda,Secretaria da Casa Civil,Auxiliar Administrativo
2026-07-02,Transferência,Auxiliar Técnico de TI do Programa Expresso Cidadão,1 (um),CAA-4,Secretaria de Administração,Secretaria da Casa Civil,Auxiliar Técnico
2026-07-02,Transferência,Auxiliar de Apoio Operacional de Pagamento,1 (um),CAA-5,Secretaria de Administração,Secretaria da Casa Civil,-
2026-07-02,Transferência,Assistente de Operação,1 (um),CAA-4,Instituto de Atenção à Saúde e Bem-estar dos Servidores do Estado de Pernambuco - IASSEPE,Secretaria da Casa Civil,Auxiliar Técnico
2026-07-02,Transferência,Assessor de Comunicação,1 (um),CAA-2,Agência Estadual de Tecnologia da Informação,Secretaria da Casa Civil,Assessor
2026-07-02,Transferência,Coordenador de Patrimônio e Logística,1 (um),CAA-2,Agência Estadual de Tecnologia da Informação,Secretaria da Casa Civil,Assessor
2026-07-02,Transferência,Assistente Técnico de CT&I,1 (um),CAA-4,"Secretaria de Ciência, Tecnologia e Inovação",Secretaria da Casa Civil,Auxiliar Técnico
2026-07-02,Transferência,Coordenador Geral de Programas e Projetos da Rede Escolar,1 (um),CAA-2,Secretaria de Educação,Secretaria da Casa Civil,Assessor
2026-07-02,Transferência,Auxiliar de Apoio aos Municípios,1 (um),CAA-5,Secretaria de Educação,Secretaria da Casa Civil,Auxiliar Administrativo
2026-07-03,Transferência,Auxiliar de Gabinete,1 (um),CAA-5,Secretaria de Educação,Secretaria da Casa Civil,Auxiliar Administrativo
2026-07-03,Transferência,Auxiliar Técnico de Gestão Educacional,1 (um),CAA-5,Secretaria de Educação,Secretaria da Casa Civil,Auxiliar Administrativo
2026-07-03,Transferência,Assessor IV,1 (um),CAA-4,Vice-Governadoria,Secretaria da Casa Civil,Auxiliar Técnico
2026-07-03,Transferência,Assessor V,2 (dois),CAA-5,Vice-Governadoria,Secretaria da Casa Civil,Auxiliar Administrativo
2026-07-03,Transferência,Assessor de Assistência Farmacêutica,1 (um),CAA-2,Secretaria de Saúde,Secretaria da Casa Civil,Assessor
2026-07-03,Transferência,Assessor Técnico de Gerência de Administração e Finanças - Getúlio Vargas,1 (um),CAA-2,Secretaria de Saúde,Secretaria da Casa Civil,Assessor
2026-07-03,Transferência,Coordenador Técnico do Programa Mãe Coruja das GERES,1 (um),CAA-2,Secretaria de Saúde,Secretaria da Casa Civil,Assessor
2026-07-03,Transferência,Apoio de Promoção e Prevenção em Saúde,1 (um),CAA-4,Secretaria de Saúde,Secretaria da Casa Civil,Auxiliar Técnico
2026-07-03,Transferência,Apoio de Gestão,2 (dois),CAA-5,Secretaria de Cultura,Secretaria da Casa Civil,Auxiliar Administrativo
2026-07-03,Transferência,Ouvidor,1 (um),CAA-4,Fundação do Patrimônio Histórico e Artístico de Pernambuco - FUNDARPE,Secretaria da Casa Civil,Auxiliar Técnico
2026-07-03,Transferência,Assistente da Comissão Permanente de Licitação,1 (um),CAA-5,Fundação do Patrimônio Histórico e Artístico de Pernambuco - FUNDARPE,Secretaria da Casa Civil,Auxiliar Administrativo
2026-07-03,Transferência,Auxiliar Administrativo,1 (um),CAA-5,Secretaria da Mulher,Secretaria da Casa Civil,-
2026-07-03,Transferência,Assistente de Diretoria,1 (um),CAA-4,Agência de Regulação de Pernambuco - ARPE,Secretaria da Casa Civil,Auxiliar Técnico
2026-07-03,Transferência,Auxiliar Administrativo,2 (dois),CAA-5,Agência de Regulação de Pernambuco - ARPE,Secretaria da Casa Civil,-
2026-07-03,Transferência,Assessor Contábil,1 (um),CAA-2,Secretaria de Mobilidade e Infraestrutura,Secretaria da Casa Civil,Assessor
2026-07-03,Alocação,Assessor Técnico,1 (um),CAA-2,-,Secretaria da Casa Civil,-
2026-07-08,Transferência,Assessor Especial de Articulação e Acompanhamento,1 (um),DAS-4,Secretaria da Casa Civil,Secretaria de Desenvolvimento Urbano e Habitação,Gerente de RH
2026-07-11,Redenominação,Coordenador de Vigilância em Saúde da VI Regional de Saúde - GERES - Arcoverde,1 (um),CAA-2,-,-,Coordenador Executivo do Conselho Estadual de Saúde
2026-07-14,Redenominação,Coordenador de Relacionamento Interno e com a Imprensa,1 (um),CAA-1,-,-,Coordenador de Engenharia e Manutenção
2026-07-14,Redenominação,Assistente Técnico de Transporte,1 (um),CAA-3,-,-,Assistente Técnico
2026-07-16,Alocação,Assessor Especial,1 (um),DAS-1,-,Secretaria da Casa Civil,-
2026-07-16,Alocação,-,1 (uma),-,-,Secretaria de Saúde,-
2026-07-16,Redenominação,Coordenador da Política de Oncologia,1 (um),CAA-2,-,-,Assessor
2026-07-21,Transferência,Coordenador Técnico,1 (um),CAA-2,"Secretaria de Assistência Social, Combate à Fome e Políticas sobre Drogas",Secretaria da Casa Civil,Assessor
2026-07-21,Transferência,Gestor Técnico de Gerência de Serviços Administrativos,1 (um),DAS-5,Secretaria de Educação,Secretaria da Casa Civil,Gestor Técnico
2026-07-21,Alocação,-,1 (uma),-,-,Secretaria de Educação,-
2026-07-21,Transferência,Assessor Especial de Coordenação Estratégica,2 (dois),DAS-3,Secretaria da Casa Civil,Secretaria de Comunicação,Superintendente Técnico
